ID,Dialect_ID,Language_ID
ing-kap,ing,kap
kal-uxc,kal,uxc
kui-uxc,kui,uxc
hian-car,hian,car
salu-tri,salu,tri
siku-kax,siku,kax
paru-wai,paru,wai
uruk-tri,uruk,tri
waya-tri,waya,tri
mcta-yuk,mcta,yuk
maco-yuk,maco,yuk
chak-yuk,chak,yuk
chai-cum,chai,cum
tau-pem,tau,pem
pat-kap,pat,kap
are-pem,are,pem
kam-pem,kam,pem
aka-kap,aka,kap
cgt-cum,cgt,cum
jawa-wmr,jawa,wmr
pian-tri,pian,tri
arin-pem,arin,pem
kuma-tri,kuma,tri
tyr-kar,tyr,kar
dek-mak,dek,mak
dhe-mak,dhe,mak
